33017|Edgar Filipe Lima Alves|13|edgaralves33017
37628|João Miguel Alves Pereira|1|jomipereira
38245|Henrique Jacinto de Sousa Calhó|1|HenriqueCalho
39100|Bernardo António Silva Poiares|12|BernardoPoiares
39120|João Pedro Rodrigues Teixeira Lopes|4|A39120
39126|Ana Sofia Gomes do Quental Monteiro|11|SofiaMonteiro
39134|Rúben Miguel Gomes Taborda|10|RubenT
39202|Miguel Afonso Nogueira|4|MiguelNogueira
39226|Pedro Diogo Alves de Paiva|12|A39226
39243|Cláudia Filipa Lino Soares|10|claudiasoares
39250|Carlos Miguel Vital Florêncio|11|iamfreee
39258|André Miguel Leonardo Belo|13|AndreBelo
39318|Manuel Alejandro Farinha Briceño|5|Briceno39318
39371|Ana Rita Ferreira Monteiro|8|arfmonteiro
39374|David Rodrigo Ferreira Rodrigues Duarte|12|0rp3u
39393|Edgar Filipe Moreira Demétrio|1|edDemetrio
40308|Paulo Alexandre Rodrigues Fonseca|3|PauloF40308
40541|André Moura Pinto|8|AndreMouraP
40559|Pedro Miguel Cunha Pereira Gomes|5|pedromg311
40564|Nuno Miguel Afonso Reis|11|no0law1
40577|Inês Gomes de Castro|9|inesgc
40590|Tiago Da Silva Santos|3|TiagoSSantos
40602|Sara Serrano Sobral|2|sarasobral
40604|João Pedro Claudino Correia|4|Dude29
40661|Rodrigo De Sousa Vinagre Vasconcelos Cabral|5|rvcabral
40680|Rafael Do Carmo Crisostomo Pereira|9|RafaelPereira94
40977|Luís Stephanio da Conceição Moreiera|9|Manchs12
41058|Paulo Alexandre de Jesus Carvalho|10|paulinho20
41092|Pedro Miguel Marques da Silva Anachoreta|3|nukeportugal
41393|Simão Manuel Matos Virgílio|2|simaovii
41421|Artur Ribeiro Adolfo Herbert|8|
41490|Pedro Arnauth Leitão Tavares|7|PedroATavares
41498|Walter Jorge Martins Gonçalves|6|edukng623
41530|Pedro Miguel Morgado David|7|PedDavid
41628|Hélio José Cavadissa|6|HelioCavudissa
41786|Marcos António Pires Ferreira dos Santos|6|msantos96
41873|Filipe Guerreiro dos Reis Coelho|7|FilipeGCoelho
41890|Pedro Filipe Lopes Cipriano|2|c-petterf